{"stats":{"minecraft:dropped":{"minecraft:short_grass":1,"minecraft:porkchop":30,"minecraft:diamond_axe":2,"minecraft:lapis_lazuli":78,"minecraft:cooked_beef":28,"minecraft:warped_fungus":2,"minecraft:glow_ink_sac":5,"minecraft:ender_pearl":14,"minecraft:glass_bottle":2,"minecraft:diamond":40,"minecraft:glow_berries":4,"minecraft:leather":15,"minecraft:cracked_stone_bricks":3,"minecraft:saddle":1,"minecraft:elytra":2,"minecraft:item_frame":1,"minecraft:cod":2,"minecraft:emerald":348,"minecraft:flint":4,"minecraft:gold_block":1,"minecraft:dirt":494,"minecraft:yellow_dye":134,"minecraft:cornflower":7,"minecraft:mutton":8,"minecraft:gold_nugget":39,"minecraft:sugar":32,"minecraft:iron_pickaxe":3,"minecraft:white_wool":24,"minecraft:bone":39,"minecraft:gravel":13,"minecraft:blackstone":76,"minecraft:compass":4,"minecraft:ancient_debris":12,"minecraft:cobbled_deepslate":289,"minecraft:wheat":12,"minecraft:birch_sapling":1,"minecraft:pointed_dripstone":2,"minecraft:cherry_sapling":1,"minecraft:beetroot":1,"minecraft:rotten_flesh":158,"minecraft:oak_planks":16,"minecraft:cooked_mutton":10,"minecraft:azure_bluet":2,"minecraft:white_bed":1,"minecraft:carrot":44,"minecraft:poppy":12,"minecraft:gunpowder":1,"minecraft:skeleton_skull":5,"minecraft:beetroot_seeds":5,"minecraft:iron_ore":2,"minecraft:basalt":1,"minecraft:iron_bars":2,"minecraft:arrow":27,"minecraft:beef":20,"minecraft:quartz":237,"minecraft:netherrack":2587,"minecraft:lectern":14,"minecraft:iron_ingot":37,"minecraft:enchanted_book":36,"minecraft:stone_hoe":1,"minecraft:water_bucket":6,"minecraft:bread":45,"minecraft:wheat_seeds":58,"minecraft:mossy_cobblestone":1,"minecraft:dripstone_block":2,"minecraft:diamond_leggings":14,"minecraft:oak_fence":2,"minecraft:cobblestone":18,"minecraft:book":65,"minecraft:grass_block":45,"minecraft:coal":11,"minecraft:stick":16,"minecraft:oxeye_daisy":2,"minecraft:diamond_horse_armor":3,"minecraft:diorite":3,"minecraft:golden_carrot":77,"minecraft:torch":2,"minecraft:sculk_catalyst":11,"minecraft:diamond_helmet":12,"minecraft:zombie_head":22,"minecraft:oak_stairs":14,"minecraft:iron_axe":2,"minecraft:paper":32,"minecraft:string":10,"minecraft:pink_petals":16,"minecraft:spruce_sapling":73,"minecraft:dandelion":59,"minecraft:creeper_head":6,"minecraft:brown_dye":3,"minecraft:player_head":1,"minecraft:stone_sword":2,"minecraft:bowl":7,"minecraft:deepslate":322,"minecraft:tuff":9,"minecraft:diamond_hoe":6,"minecraft:raw_iron":19,"minecraft:experience_bottle":3,"minecraft:light_gray_wool":1,"minecraft:iron_hoe":1,"minecraft:suspicious_stew":4,"minecraft:deepslate_bricks":128,"minecraft:diamond_sword":10,"minecraft:potato":8,"minecraft:stone":491,"minecraft:shield":4,"minecraft:diamond_chestplate":17,"minecraft:spruce_planks":243,"minecraft:diamond_pickaxe":6,"minecraft:andesite":1,"minecraft:mossy_stone_bricks":6,"minecraft:yellow_bed":1,"minecraft:oak_sapling":2,"minecraft:golden_sword":8,"minecraft:stone_bricks":12,"minecraft:spider_eye":5,"minecraft:diamond_boots":10,"minecraft:spruce_log":568,"minecraft:raw_gold":37,"minecraft:black_wool":3},"minecraft:killed":{"minecraft:zombified_piglin":38,"minecraft:witch":1,"minecraft:spider":9,"minecraft:shulker":44,"minecraft:skeleton":29,"minecraft:chicken":2,"minecraft:silverfish":5,"minecraft:piglin_brute":4,"minecraft:magma_cube":5,"minecraft:piglin":17,"minecraft:pig":47,"minecraft:zombie_villager":1,"minecraft:salmon":11,"minecraft:iron_golem":24,"minecraft:creeper":26,"minecraft:sheep":52,"minecraft:goat":1,"minecraft:zombie":74,"minecraft:blaze":20,"minecraft:cow":28,"minecraft:endermite":1,"minecraft:horse":2,"minecraft:drowned":2,"minecraft:warden":1,"minecraft:hoglin":7,"minecraft:villager":6,"minecraft:enderman":64},"minecraft:killed_by":{"minecraft:ghast":1,"minecraft:creeper":2,"minecraft:zombie":2,"minecraft:player":3,"minecraft:iron_golem":5,"minecraft:warden":10,"minecraft:skeleton":1},"minecraft:mined":{"minecraft:dragon_wall_head":1,"minecraft:spruce_planks":88,"minecraft:white_bed":8,"minecraft:mossy_stone_brick_slab":1,"minecraft:cherry_log":2,"minecraft:sculk_vein":104,"minecraft:cobblestone_stairs":8,"minecraft:obsidian":17,"minecraft:granite":4,"minecraft:grass_block":2139,"minecraft:purpur_slab":2,"minecraft:composter":2,"minecraft:oxeye_daisy":4,"minecraft:spawner":1,"minecraft:raw_iron_block":1,"minecraft:sculk_catalyst":14,"minecraft:barrel":1,"minecraft:iron_ore":62,"minecraft:cobbled_deepslate":3,"minecraft:fire":21,"minecraft:fletching_table":1,"minecraft:deepslate_lapis_ore":2,"minecraft:azure_bluet":5,"minecraft:twisting_vines":16,"minecraft:sculk_shrieker":37,"minecraft:pointed_dripstone":1,"minecraft:dirt_path":264,"minecraft:oak_stairs":2,"minecraft:iron_bars":2,"minecraft:end_stone_bricks":2,"minecraft:tripwire":7,"minecraft:deepslate_redstone_ore":31,"minecraft:blackstone":286,"minecraft:twisting_vines_plant":19,"minecraft:player_wall_head":1,"minecraft:smoker":4,"minecraft:purpur_stairs":16,"minecraft:powder_snow":13,"minecraft:torch":5,"minecraft:blast_furnace":3,"minecraft:poppy":1,"minecraft:chest":4,"minecraft:nether_quartz_ore":16,"minecraft:cobblestone":5,"minecraft:sugar_cane":163,"minecraft:oak_planks":69,"minecraft:wall_torch":3,"minecraft:pink_petals":2,"minecraft:warped_nylium":2,"minecraft:birch_log":49,"minecraft:wheat":12,"minecraft:purpur_block":9,"minecraft:oak_log":95,"minecraft:beetroots":1,"minecraft:oak_fence_gate":3,"minecraft:dirt":3603,"minecraft:ancient_debris":11,"minecraft:infested_deepslate":1,"minecraft:tripwire_hook":3,"minecraft:netherrack":5969,"minecraft:oak_leaves":10,"minecraft:deepslate":917,"minecraft:nether_gold_ore":6,"minecraft:tuff":30,"minecraft:mossy_cobblestone":1,"minecraft:deepslate_diamond_ore":41,"minecraft:shulker_box":3,"minecraft:end_stone":10,"minecraft:nether_bricks":3,"minecraft:lever":1,"minecraft:spruce_fence":39,"minecraft:spruce_leaves":749,"minecraft:hay_block":21,"minecraft:redstone_ore":7,"minecraft:oak_trapdoor":3,"minecraft:spruce_sapling":20,"minecraft:carrots":8,"minecraft:andesite":8,"minecraft:gold_block":2,"minecraft:bell":2,"minecraft:bookshelf":8,"minecraft:potatoes":2,"minecraft:deepslate_iron_ore":33,"minecraft:stripped_oak_log":1,"minecraft:stone":2538,"minecraft:smithing_table":2,"minecraft:podzol":193,"minecraft:glass_pane":1,"minecraft:magenta_stained_glass":6,"minecraft:infested_stone_bricks":2,"minecraft:basalt":3,"minecraft:dandelion":115,"minecraft:oak_fence":23,"minecraft:crafting_table":2,"minecraft:cornflower":15,"minecraft:short_grass":356,"minecraft:emerald_ore":1,"minecraft:sculk_sensor":47,"minecraft:lectern":148,"minecraft:tall_grass":56,"minecraft:copper_ore":3,"minecraft:deepslate_coal_ore":1,"minecraft:deepslate_gold_ore":11,"minecraft:lapis_ore":6,"minecraft:sculk":1223,"minecraft:diorite":21,"minecraft:blue_bed":11,"minecraft:gray_wool":1,"minecraft:birch_planks":27,"minecraft:gray_bed":1,"minecraft:spruce_log":84,"minecraft:yellow_bed":11,"minecraft:coal_ore":39,"minecraft:cherry_leaves":104,"minecraft:end_rod":3,"minecraft:gravel":109,"minecraft:dripstone_block":2,"minecraft:cobweb":31,"minecraft:cracked_stone_bricks":2,"minecraft:spruce_fence_gate":1,"minecraft:stone_bricks":12,"minecraft:chipped_anvil":2,"minecraft:mossy_stone_bricks":8,"minecraft:gold_ore":1},"minecraft:broken":{"minecraft:iron_shovel":1,"minecraft:shears":3,"minecraft:stone_axe":2,"minecraft:diamond_leggings":2,"minecraft:iron_axe":1},"minecraft:crafted":{"minecraft:oak_planks":480,"minecraft:loom":1,"minecraft:stone":71,"minecraft:lever":1,"minecraft:bookshelf":11,"minecraft:cooked_mutton":55,"minecraft:green_dye":2,"minecraft:diamond_helmet":1,"minecraft:chest":32,"minecraft:white_banner":1,"minecraft:emerald":1031,"minecraft:cooked_porkchop":63,"minecraft:diamond_axe":2,"minecraft:crafting_table":6,"minecraft:spruce_planks":16232,"minecraft:wooden_pickaxe":1,"minecraft:birch_planks":196,"minecraft:paper":96,"minecraft:diamond_pickaxe":1,"minecraft:yellow_dye":111,"minecraft:shield":4,"minecraft:stick":31746,"minecraft:iron_ingot":120,"minecraft:iron_pickaxe":2,"minecraft:iron_block":3,"minecraft:gold_ingot":7,"minecraft:golden_carrot":63,"minecraft:shears":3,"minecraft:tripwire_hook":2,"minecraft:spruce_button":1,"minecraft:furnace":1,"minecraft:oak_trapdoor":2,"minecraft:iron_axe":1,"minecraft:stone_pickaxe":1,"minecraft:diamond_boots":1,"minecraft:spruce_boat":1,"minecraft:wheat":171,"minecraft:blue_bed":1,"minecraft:bucket":2,"minecraft:stone_axe":2,"minecraft:enchanted_book":38,"minecraft:bread":57,"minecraft:air":0,"minecraft:blue_dye":2,"minecraft:iron_shovel":1,"minecraft:anvil":1,"minecraft:white_bed":1,"minecraft:torch":196,"minecraft:diamond_chestplate":1,"minecraft:firework_rocket":27},"minecraft:used":{"minecraft:cherry_sapling":9,"minecraft:elytra":27,"minecraft:iron_shovel":239,"minecraft:poppy":2,"minecraft:diamond_hoe":1409,"minecraft:chest":37,"minecraft:shield":5,"minecraft:iron_sword":182,"minecraft:stone":1,"minecraft:zombie_spawn_egg":89,"minecraft:creeper_head":3,"minecraft:bell":3,"minecraft:player_head":1,"minecraft:rotten_flesh":1,"minecraft:spruce_leaves":600,"minecraft:mutton":2,"minecraft:orange_wool":29,"minecraft:tuff":15,"minecraft:obsidian":4,"minecraft:spruce_boat":3,"minecraft:lava_bucket":15,"minecraft:grass_block":40,"minecraft:warped_nylium":3,"minecraft:stone_bricks":3,"minecraft:item_frame":1,"minecraft:furnace":1,"minecraft:gray_bed":1,"minecraft:skeleton_skull":4,"minecraft:egg":4,"minecraft:diorite":1,"minecraft:diamond_boots":5,"minecraft:stone_pickaxe":12,"minecraft:oak_planks":239,"minecraft:ender_pearl":56,"minecraft:wooden_pickaxe":3,"minecraft:composter":1,"minecraft:diamond_axe":555,"minecraft:blue_bed":11,"minecraft:sugar_cane":169,"minecraft:white_wool":6,"minecraft:golden_apple":1,"minecraft:purpur_stairs":5,"minecraft:loom":1,"minecraft:blast_furnace":4,"minecraft:crossbow":9,"minecraft:end_stone":1,"minecraft:shears":580,"minecraft:lever":2,"minecraft:firework_rocket":63,"minecraft:mace":31,"minecraft:zombie_head":5,"minecraft:bread":128,"minecraft:string":6,"minecraft:lectern":153,"minecraft:deepslate":316,"minecraft:diamond_sword":546,"minecraft:fire_charge":1,"minecraft:smithing_table":1,"minecraft:smooth_stone_slab":1,"minecraft:purpur_block":1,"minecraft:bone_meal":31,"minecraft:experience_bottle":25,"minecraft:oak_trapdoor":5,"minecraft:iron_bars":1,"minecraft:stone_sword":5,"minecraft:spruce_planks":680,"minecraft:stone_hoe":20,"minecraft:netherrack":191,"minecraft:torch":172,"minecraft:dragon_egg":1,"minecraft:dirt":1364,"minecraft:anvil":1,"minecraft:twisting_vines":7,"minecraft:diamond_helmet":8,"minecraft:shulker_box":5,"minecraft:spruce_fence":67,"minecraft:iron_hoe":2,"minecraft:chipped_anvil":2,"minecraft:bookshelf":11,"minecraft:iron_axe":176,"minecraft:spruce_button":2,"minecraft:barrel":1,"minecraft:diamond_chestplate":31,"minecraft:tripwire_hook":5,"minecraft:golden_carrot":135,"minecraft:cobbled_deepslate":16,"minecraft:iron_leggings":1,"minecraft:cooked_mutton":7,"minecraft:water_bucket":301,"minecraft:birch_planks":285,"minecraft:spruce_fence_gate":1,"minecraft:fletching_table":1,"minecraft:warped_roots":8,"minecraft:crafting_table":7,"minecraft:white_bed":8,"minecraft:spruce_log":1,"minecraft:smoker":5,"minecraft:ender_eye":1,"minecraft:diamond_pickaxe":10060,"minecraft:black_wool":1,"minecraft:diamond_shovel":5947,"minecraft:wind_charge":54,"minecraft:iron_pickaxe":280,"minecraft:suspicious_stew":5,"minecraft:purpur_slab":1,"minecraft:spruce_sapling":241,"minecraft:stone_axe":212,"minecraft:cobblestone":27,"minecraft:potion":1,"minecraft:porkchop":5,"minecraft:cooked_porkchop":58,"minecraft:bucket":305,"minecraft:yellow_bed":10,"minecraft:gray_wool":1,"minecraft:dandelion":1,"minecraft:diamond_leggings":6},"minecraft:picked_up":{"minecraft:shulker_shell":24,"minecraft:wheat":12,"minecraft:creeper_head":11,"minecraft:suspicious_stew":9,"minecraft:smithing_table":5,"minecraft:lead":4,"minecraft:diamond_sword":17,"minecraft:oak_stairs":14,"minecraft:potion":54,"minecraft:enchanted_book":45,"minecraft:golden_sword":8,"minecraft:music_disc_cat":1,"minecraft:string":25,"minecraft:raw_copper":331,"minecraft:smooth_stone_slab":1,"minecraft:iron_leggings":8,"minecraft:zombie_head":27,"minecraft:experience_bottle":37,"minecraft:beetroot":1,"minecraft:diamond_leggings":26,"minecraft:gold_nugget":583,"minecraft:cobbled_deepslate":576,"minecraft:bucket":3,"minecraft:spruce_planks":1481,"minecraft:ender_eye":1,"minecraft:iron_pickaxe":14,"minecraft:enchanted_golden_apple":3,"minecraft:stick":869,"minecraft:composter":2,"minecraft:oak_fence":25,"minecraft:torch":98,"minecraft:porkchop":158,"minecraft:cherry_log":11,"minecraft:pointed_dripstone":3,"minecraft:diorite":24,"minecraft:stone_sword":2,"minecraft:rotten_flesh":185,"minecraft:end_rod":3,"minecraft:bookshelf":1,"minecraft:blaze_rod":34,"minecraft:obsidian":38,"minecraft:iron_bars":3,"minecraft:cobblestone":363,"minecraft:birch_log":49,"minecraft:pink_petals":20,"minecraft:feather":7,"minecraft:magma_cream":3,"minecraft:water_bucket":22,"minecraft:andesite":8,"minecraft:brown_wool":1,"minecraft:smoker":7,"minecraft:potato":8,"minecraft:flint":19,"minecraft:tuff":28,"minecraft:silence_armor_trim_smithing_template":1,"minecraft:lapis_lazuli":433,"minecraft:dirt":3751,"minecraft:name_tag":4,"minecraft:twisting_vines":80,"minecraft:bone":65,"minecraft:chipped_anvil":2,"minecraft:wheat_seeds":204,"minecraft:raw_gold":155,"minecraft:bell":15,"minecraft:diamond_helmet":22,"minecraft:fletching_table":1,"minecraft:mossy_stone_bricks":7,"minecraft:stone_hoe":8,"minecraft:oak_planks":220,"minecraft:cooked_porkchop":187,"minecraft:music_disc_13":1,"minecraft:grass_block":90,"minecraft:shulker_box":5,"minecraft:barrel":1,"minecraft:mossy_cobblestone":2,"minecraft:iron_hoe":4,"minecraft:deepslate":638,"minecraft:spruce_fence_gate":1,"minecraft:sugar":34,"minecraft:diamond":163,"minecraft:spruce_boat":2,"minecraft:lever":2,"minecraft:crossbow":6,"minecraft:granite":4,"minecraft:bone_meal":141,"minecraft:spruce_button":1,"minecraft:emerald":609,"minecraft:bread":728,"minecraft:oak_sapling":3,"minecraft:netherrack":2837,"minecraft:end_stone_bricks":3,"minecraft:diamond_pickaxe":19,"minecraft:spruce_leaves":1082,"minecraft:crafting_table":2,"minecraft:azure_bluet":9,"minecraft:gold_block":6,"minecraft:diamond_horse_armor":9,"minecraft:dragon_head":1,"minecraft:purpur_block":9,"minecraft:shield":4,"minecraft:cornflower":23,"minecraft:elytra":5,"minecraft:oak_trapdoor":3,"minecraft:iron_axe":12,"minecraft:item_frame":1,"minecraft:compass":5,"minecraft:iron_shovel":4,"minecraft:blackstone":168,"minecraft:cracked_stone_bricks":4,"minecraft:beef":68,"minecraft:music_disc_otherside":2,"minecraft:echo_shard":18,"minecraft:player_head":3,"minecraft:poppy":43,"minecraft:light_gray_wool":2,"minecraft:spruce_slab":20,"minecraft:lectern":182,"minecraft:sugar_cane":266,"minecraft:chest":4,"minecraft:birch_sapling":1,"minecraft:diamond_hoe":29,"minecraft:egg":4,"minecraft:raw_iron":489,"minecraft:end_stone":10,"minecraft:stone":2362,"minecraft:bowl":2,"minecraft:spruce_fence":74,"minecraft:carrot":46,"minecraft:redstone":940,"minecraft:brown_dye":21,"minecraft:arrow":69,"minecraft:diamond_chestplate":26,"minecraft:beetroot_seeds":5,"minecraft:purpur_slab":2,"minecraft:shears":16,"minecraft:diamond_boots":21,"minecraft:hay_block":19,"minecraft:ward_armor_trim_smithing_template":1,"minecraft:saddle":21,"minecraft:glow_berries":20,"minecraft:mutton":83,"minecraft:skeleton_skull":12,"minecraft:white_wool":58,"minecraft:oxeye_daisy":8,"minecraft:stripped_oak_log":1,"minecraft:basalt":4,"minecraft:salmon":11,"minecraft:golden_carrot":347,"minecraft:tripwire_hook":5,"minecraft:glow_ink_sac":5,"minecraft:magenta_banner":9,"minecraft:leather":58,"minecraft:yellow_dye":23,"minecraft:birch_planks":382,"minecraft:purpur_stairs":16,"minecraft:oak_log":138,"minecraft:ancient_debris":12,"minecraft:yellow_bed":12,"minecraft:gunpowder":46,"minecraft:cobblestone_stairs":8,"minecraft:blue_bed":11,"minecraft:paper":32,"minecraft:cooked_mutton":141,"minecraft:stone_bricks":16,"minecraft:oak_fence_gate":3,"minecraft:iron_ingot":166,"minecraft:iron_ore":4,"minecraft:cobweb":26,"minecraft:glass_bottle":3,"minecraft:gray_bed":1,"minecraft:iron_sword":11,"minecraft:book":148,"minecraft:sculk_catalyst":13,"minecraft:warped_fungus":4,"minecraft:quartz":300,"minecraft:dandelion":175,"minecraft:raw_iron_block":1,"minecraft:dripstone_block":2,"minecraft:gravel":108,"minecraft:lava_bucket":1,"minecraft:amethyst_shard":81,"minecraft:spruce_sapling":436,"minecraft:blast_furnace":9,"minecraft:white_bed":8,"minecraft:spruce_log":7087,"minecraft:dragon_egg":1,"minecraft:spider_eye":7,"minecraft:coal_ore":60,"minecraft:firework_rocket":53,"minecraft:sculk_sensor":18,"minecraft:short_grass":1,"minecraft:diamond_axe":14,"minecraft:cherry_sapling":10,"minecraft:gray_wool":1,"minecraft:warped_roots":8,"minecraft:black_wool":6,"minecraft:warped_nylium":3,"minecraft:coal":589,"minecraft:ender_pearl":71},"minecraft:custom":{"minecraft:interact_with_crafting_table":57,"minecraft:open_barrel":1,"minecraft:open_shulker_box":93,"minecraft:bell_ring":26,"minecraft:leave_game":18,"minecraft:time_since_death":188764,"minecraft:damage_resisted":60,"minecraft:sprint_one_cm":2940189,"minecraft:damage_blocked_by_shield":419,"minecraft:drop":633,"minecraft:talked_to_villager":485,"minecraft:play_time":1102249,"minecraft:deaths":30,"minecraft:jump":23348,"minecraft:interact_with_brewingstand":4,"minecraft:walk_on_water_one_cm":90594,"minecraft:interact_with_furnace":20,"minecraft:traded_with_villager":1101,"minecraft:interact_with_loom":7,"minecraft:sleep_in_bed":34,"minecraft:damage_dealt":137132,"minecraft:player_kills":7,"minecraft:crouch_one_cm":265809,"minecraft:interact_with_smoker":16,"minecraft:horse_one_cm":187518,"minecraft:mob_kills":542,"minecraft:interact_with_anvil":29,"minecraft:climb_one_cm":10380,"minecraft:walk_one_cm":1849775,"minecraft:sneak_time":85423,"minecraft:walk_under_water_one_cm":66342,"minecraft:boat_one_cm":7025,"minecraft:interact_with_blast_furnace":9,"minecraft:total_world_time":1102249,"minecraft:interact_with_stonecutter":3,"minecraft:interact_with_grindstone":8,"minecraft:time_since_rest":74959,"minecraft:damage_taken":27492,"minecraft:damage_absorbed":7,"minecraft:swim_one_cm":140148,"minecraft:fly_one_cm":5301551,"minecraft:open_chest":732,"minecraft:aviate_one_cm":1455226,"minecraft:fall_one_cm":714685}},"DataVersion":3955}