{"stats":{"minecraft:killed":{"minecraft:zombified_piglin":30,"minecraft:spider":14,"minecraft:shulker":36,"minecraft:skeleton":12,"minecraft:chicken":2,"minecraft:silverfish":2,"minecraft:piglin_brute":4,"minecraft:magma_cube":8,"minecraft:piglin":12,"minecraft:pig":6,"minecraft:zombie_villager":1,"minecraft:iron_golem":3,"minecraft:ender_dragon":1,"minecraft:creeper":13,"minecraft:sheep":18,"minecraft:pillager":3,"minecraft:zombie":82,"minecraft:blaze":16,"minecraft:cow":18,"minecraft:endermite":1,"minecraft:drowned":10,"minecraft:warden":11,"minecraft:villager":1,"minecraft:enderman":37},"minecraft:dropped":{"minecraft:candle":1,"minecraft:porkchop":11,"minecraft:birch_planks":119,"minecraft:diamond_axe":2,"minecraft:lapis_lazuli":55,"minecraft:warped_fungus":2,"minecraft:oak_log":38,"minecraft:glow_ink_sac":6,"minecraft:glass_bottle":5,"minecraft:diamond":76,"minecraft:crossbow":1,"minecraft:glow_berries":4,"minecraft:warped_roots":3,"minecraft:leather":18,"minecraft:cracked_stone_bricks":10,"minecraft:saddle":1,"minecraft:purpur_stairs":2,"minecraft:elytra":4,"minecraft:rail":1,"minecraft:cod":4,"minecraft:emerald":292,"minecraft:flint":1,"minecraft:spruce_leaves":140,"minecraft:dirt":221,"minecraft:yellow_dye":29,"minecraft:cornflower":6,"minecraft:mutton":4,"minecraft:gold_nugget":155,"minecraft:bone_meal":85,"minecraft:phantom_membrane":25,"minecraft:sugar":66,"minecraft:iron_pickaxe":1,"minecraft:white_wool":1,"minecraft:cyan_carpet":1,"minecraft:bone":32,"minecraft:gravel":10,"minecraft:purpur_block":2,"minecraft:blackstone":1,"minecraft:lever":2,"minecraft:iron_nugget":7,"minecraft:cobbled_deepslate":57,"minecraft:netherite_sword":1,"minecraft:birch_sapling":1,"minecraft:cherry_sapling":8,"minecraft:rotten_flesh":80,"minecraft:oak_planks":54,"minecraft:diamond_shovel":1,"minecraft:end_stone":10,"minecraft:cooked_mutton":25,"minecraft:azure_bluet":2,"minecraft:white_bed":3,"minecraft:echo_shard":4,"minecraft:poppy":6,"minecraft:gunpowder":5,"minecraft:coal_ore":24,"minecraft:chest":1,"minecraft:spruce_slab":90,"minecraft:end_stone_bricks":1,"minecraft:iron_bars":16,"minecraft:arrow":22,"minecraft:beef":6,"minecraft:warped_wart_block":1,"minecraft:firework_rocket":53,"minecraft:netherrack":140,"minecraft:egg":1,"minecraft:enchanted_book":17,"minecraft:lectern":16,"minecraft:stone_hoe":3,"minecraft:water_bucket":2,"minecraft:golden_boots":1,"minecraft:iron_ingot":2,"minecraft:bread":224,"minecraft:oak_slab":12,"minecraft:wheat_seeds":80,"minecraft:cherry_log":1,"minecraft:mossy_cobblestone":1,"minecraft:bookshelf":1,"minecraft:dripstone_block":3,"minecraft:diamond_leggings":6,"minecraft:oak_fence":2,"minecraft:feather":14,"minecraft:book":145,"minecraft:cobblestone":25,"minecraft:granite":4,"minecraft:copper_ingot":1,"minecraft:disc_fragment_5":3,"minecraft:grass_block":5,"minecraft:coal":37,"minecraft:stick":596,"minecraft:oxeye_daisy":5,"minecraft:gray_wool":1,"minecraft:sculk":18,"minecraft:diorite":1,"minecraft:golden_carrot":233,"minecraft:torch":14,"minecraft:green_dye":2,"minecraft:iron_door":3,"minecraft:zombie_head":1,"minecraft:diamond_helmet":7,"minecraft:potion":4,"minecraft:iron_leggings":1,"minecraft:oak_stairs":6,"minecraft:iron_axe":1,"minecraft:cactus":4,"minecraft:paper":64,"minecraft:string":11,"minecraft:tripwire_hook":2,"minecraft:bucket":1,"minecraft:spruce_sapling":39,"minecraft:dandelion":5,"minecraft:purpur_pillar":2,"minecraft:creeper_head":1,"minecraft:brown_dye":4,"minecraft:soul_torch":5,"minecraft:stone_sword":1,"minecraft:raw_copper":21,"minecraft:smooth_stone_slab":4,"minecraft:bowl":3,"minecraft:deepslate":188,"minecraft:tuff":1,"minecraft:diamond_hoe":1,"minecraft:raw_iron":17,"minecraft:chicken":1,"minecraft:iron_hoe":1,"minecraft:stone_slab":10,"minecraft:ender_eye":3,"minecraft:spruce_fence":37,"minecraft:shulker_box":3,"minecraft:shears":6,"minecraft:suspicious_stew":5,"minecraft:flint_and_steel":1,"minecraft:blast_furnace":1,"minecraft:copper_ore":4,"minecraft:diamond_sword":12,"minecraft:stone":64,"minecraft:shield":1,"minecraft:diamond_chestplate":9,"minecraft:spruce_planks":1086,"minecraft:diamond_pickaxe":11,"minecraft:andesite":10,"minecraft:mossy_stone_bricks":25,"minecraft:golden_sword":3,"minecraft:stone_bricks":40,"minecraft:spider_eye":2,"minecraft:diamond_boots":6,"minecraft:spruce_log":883,"minecraft:stone_pickaxe":1,"minecraft:bell":1},"minecraft:killed_by":{"minecraft:ghast":1,"minecraft:creeper":1,"minecraft:player":7,"minecraft:warden":8},"minecraft:mined":{"minecraft:spruce_planks":16,"minecraft:white_bed":10,"minecraft:farmland":28,"minecraft:sculk_vein":39,"minecraft:obsidian":15,"minecraft:spruce_trapdoor":2,"minecraft:granite":4,"minecraft:grass_block":695,"minecraft:purpur_slab":1,"minecraft:composter":6,"minecraft:oxeye_daisy":3,"minecraft:magma_block":1,"minecraft:sculk_catalyst":1,"minecraft:fire":42,"minecraft:iron_ore":28,"minecraft:cobbled_deepslate":1,"minecraft:anvil":1,"minecraft:deepslate_lapis_ore":2,"minecraft:azure_bluet":2,"minecraft:twisting_vines":11,"minecraft:sculk_shrieker":25,"minecraft:dirt_path":151,"minecraft:oak_stairs":10,"minecraft:iron_bars":4,"minecraft:end_stone_bricks":2,"minecraft:tripwire":3,"minecraft:deepslate_redstone_ore":14,"minecraft:blackstone":2,"minecraft:twisting_vines_plant":23,"minecraft:smoker":2,"minecraft:purpur_stairs":2,"minecraft:torch":3,"minecraft:blast_furnace":3,"minecraft:poppy":2,"minecraft:cobblestone":40,"minecraft:sugar_cane":134,"minecraft:oak_planks":10,"minecraft:iron_door":3,"minecraft:pink_petals":4,"minecraft:stone_brick_stairs":2,"minecraft:warped_fungus":1,"minecraft:orange_tulip":1,"minecraft:purpur_block":7,"minecraft:smooth_stone_slab":3,"minecraft:oak_log":51,"minecraft:sand":8,"minecraft:dirt":1711,"minecraft:stonecutter":2,"minecraft:netherrack":300,"minecraft:oak_leaves":9,"minecraft:deepslate":229,"minecraft:nether_gold_ore":1,"minecraft:tuff":1,"minecraft:mossy_cobblestone":1,"minecraft:deepslate_diamond_ore":21,"minecraft:shulker_box":36,"minecraft:end_stone":10,"minecraft:ladder":1,"minecraft:stone_button":1,"minecraft:spruce_fence":7,"minecraft:spruce_leaves":551,"minecraft:hay_block":28,"minecraft:spruce_sapling":43,"minecraft:carrots":1,"minecraft:nether_sprouts":1,"minecraft:andesite":26,"minecraft:bell":2,"minecraft:bookshelf":65,"minecraft:potatoes":1,"minecraft:deepslate_iron_ore":2,"minecraft:stone":2216,"minecraft:podzol":3,"minecraft:smithing_table":1,"minecraft:magenta_stained_glass":5,"minecraft:infested_stone_bricks":7,"minecraft:spruce_door":2,"minecraft:basalt":1,"minecraft:stone_brick_slab":1,"minecraft:dandelion":27,"minecraft:oak_fence":3,"minecraft:crafting_table":2,"minecraft:cornflower":10,"minecraft:short_grass":304,"minecraft:warped_roots":4,"minecraft:sculk_sensor":5,"minecraft:lectern":154,"minecraft:purpur_pillar":8,"minecraft:copper_ore":6,"minecraft:tall_grass":49,"minecraft:lapis_ore":1,"minecraft:deepslate_gold_ore":8,"minecraft:cracked_deepslate_bricks":1,"minecraft:sculk":162,"minecraft:diorite":11,"minecraft:warped_wart_block":1,"minecraft:spruce_log":141,"minecraft:yellow_bed":9,"minecraft:coal_ore":9,"minecraft:end_rod":17,"minecraft:cherry_leaves":24,"minecraft:cyan_carpet":1,"minecraft:gravel":12,"minecraft:dripstone_block":3,"minecraft:cobweb":5,"minecraft:cracked_stone_bricks":17,"minecraft:stone_bricks":53,"minecraft:mossy_stone_bricks":25,"minecraft:chipped_anvil":1},"minecraft:broken":{"minecraft:diamond_helmet":1,"minecraft:iron_boots":1,"minecraft:iron_chestplate":1,"minecraft:stone_axe":1,"minecraft:iron_pickaxe":1},"minecraft:crafted":{"minecraft:grindstone":10,"minecraft:oak_planks":184,"minecraft:blaze_powder":52,"minecraft:stone":577,"minecraft:diamond_shovel":2,"minecraft:bookshelf":30,"minecraft:shulker_box":10,"minecraft:cooked_mutton":52,"minecraft:suspicious_stew":7,"minecraft:green_dye":2,"minecraft:diamond_helmet":2,"minecraft:iron_boots":1,"minecraft:chest":16,"minecraft:stone_hoe":1,"minecraft:ender_eye":12,"minecraft:stone_bricks":1,"minecraft:gray_bed":1,"minecraft:smoker":1,"minecraft:oak_slab":6,"minecraft:emerald":1838,"minecraft:cooked_porkchop":20,"minecraft:crafting_table":11,"minecraft:spruce_planks":34082,"minecraft:wooden_pickaxe":1,"minecraft:spruce_door":9,"minecraft:campfire":57,"minecraft:apple":32,"minecraft:spruce_trapdoor":434,"minecraft:lectern":20,"minecraft:iron_chestplate":1,"minecraft:book":32,"minecraft:paper":252,"minecraft:diamond_pickaxe":3,"minecraft:yellow_dye":23,"minecraft:shield":2,"minecraft:stick":57870,"minecraft:stone_slab":18,"minecraft:iron_ingot":136,"minecraft:iron_pickaxe":2,"minecraft:iron_block":9,"minecraft:gold_ingot":90,"minecraft:black_bed":1,"minecraft:spruce_fence_gate":3,"minecraft:shears":3,"minecraft:golden_carrot":453,"minecraft:cookie":144,"minecraft:furnace":10,"minecraft:bone_meal":186,"minecraft:spruce_fence":297,"minecraft:flint_and_steel":1,"minecraft:spruce_stairs":64,"minecraft:iron_axe":5,"minecraft:spruce_slab":264,"minecraft:stone_pickaxe":1,"minecraft:diamond_boots":1,"minecraft:spruce_boat":1,"minecraft:wheat":270,"minecraft:cooked_beef":64,"minecraft:diamond_sword":1,"minecraft:iron_sword":1,"minecraft:bucket":3,"minecraft:stone_axe":1,"minecraft:enchanted_book":34,"minecraft:bread":282,"minecraft:air":0,"minecraft:iron_shovel":1,"minecraft:stonecutter":1,"minecraft:anvil":3,"minecraft:white_bed":14,"minecraft:torch":60,"minecraft:diamond_chestplate":1,"minecraft:firework_rocket":117},"minecraft:used":{"minecraft:iron_shovel":183,"minecraft:elytra":10,"minecraft:poppy":3,"minecraft:diamond_hoe":203,"minecraft:chest":6,"minecraft:shield":75,"minecraft:rotten_flesh":43,"minecraft:sculk_sensor":1,"minecraft:nether_bricks":2,"minecraft:carrot":1,"minecraft:obsidian":8,"minecraft:lava_bucket":21,"minecraft:coal_ore":60,"minecraft:warped_nylium":1,"minecraft:stone_brick_stairs":8,"minecraft:stone_bricks":43,"minecraft:furnace":9,"minecraft:gray_bed":1,"minecraft:end_rod":1,"minecraft:diorite":7,"minecraft:spruce_door":3,"minecraft:stone_pickaxe":47,"minecraft:oak_planks":61,"minecraft:blackstone":2,"minecraft:ender_pearl":51,"minecraft:wooden_pickaxe":5,"minecraft:composter":6,"minecraft:diamond_axe":166,"minecraft:white_wool":1,"minecraft:glow_berries":9,"minecraft:blast_furnace":2,"minecraft:black_bed":1,"minecraft:shears":353,"minecraft:firework_rocket":47,"minecraft:zombie_head":52,"minecraft:bread":54,"minecraft:string":6,"minecraft:lectern":167,"minecraft:deepslate":134,"minecraft:gravel":14,"minecraft:diamond_sword":456,"minecraft:fire_charge":1,"minecraft:grindstone":10,"minecraft:smithing_table":1,"minecraft:bone_meal":155,"minecraft:experience_bottle":2,"minecraft:netherite_sword":1,"minecraft:iron_bars":2,"minecraft:stone_sword":126,"minecraft:flint_and_steel":46,"minecraft:spruce_planks":900,"minecraft:sculk":22,"minecraft:stone_hoe":8,"minecraft:netherrack":179,"minecraft:torch":38,"minecraft:dragon_egg":1,"minecraft:dirt":2142,"minecraft:anvil":4,"minecraft:twisting_vines":14,"minecraft:shulker_box":42,"minecraft:spruce_fence":48,"minecraft:chipped_anvil":1,"minecraft:bookshelf":6,"minecraft:iron_axe":171,"minecraft:diamond_chestplate":6,"minecraft:golden_carrot":117,"minecraft:cooked_beef":38,"minecraft:cobbled_deepslate":8,"minecraft:cherry_log":1,"minecraft:golden_axe":24,"minecraft:cooked_mutton":23,"minecraft:water_bucket":170,"minecraft:stonecutter":3,"minecraft:spruce_fence_gate":1,"minecraft:crafting_table":10,"minecraft:white_bed":25,"minecraft:smoker":3,"minecraft:spruce_log":3,"minecraft:ender_eye":9,"minecraft:cornflower":6,"minecraft:diamond_pickaxe":2908,"minecraft:black_wool":1,"minecraft:diamond_shovel":2547,"minecraft:suspicious_stew":2,"minecraft:iron_pickaxe":217,"minecraft:spruce_trapdoor":28,"minecraft:spruce_sapling":622,"minecraft:stone_axe":93,"minecraft:pink_petals":33,"minecraft:cobblestone":142,"minecraft:potion":3,"minecraft:porkchop":1,"minecraft:cooked_porkchop":20,"minecraft:bucket":193,"minecraft:yellow_bed":8,"minecraft:candle":1,"minecraft:diamond_leggings":1},"minecraft:picked_up":{"minecraft:shulker_shell":20,"minecraft:anvil":1,"minecraft:creeper_head":15,"minecraft:smithing_table":1,"minecraft:stone_slab":5,"minecraft:diamond_sword":18,"minecraft:oak_stairs":8,"minecraft:potion":34,"minecraft:enchanted_book":71,"minecraft:stone_brick_stairs":2,"minecraft:golden_sword":3,"minecraft:music_disc_cat":1,"minecraft:string":21,"minecraft:raw_copper":21,"minecraft:smooth_stone_slab":4,"minecraft:iron_leggings":17,"minecraft:zombie_head":68,"minecraft:experience_bottle":18,"minecraft:diamond_leggings":29,"minecraft:gold_nugget":155,"minecraft:cobbled_deepslate":428,"minecraft:bucket":2,"minecraft:spruce_planks":455,"minecraft:iron_pickaxe":9,"minecraft:stick":411,"minecraft:composter":6,"minecraft:oak_fence":2,"minecraft:torch":78,"minecraft:purpur_pillar":6,"minecraft:porkchop":54,"minecraft:golden_axe":1,"minecraft:cherry_log":2,"minecraft:diorite":8,"minecraft:stone_sword":5,"minecraft:rotten_flesh":174,"minecraft:end_rod":17,"minecraft:blaze_rod":30,"minecraft:obsidian":16,"minecraft:iron_bars":18,"minecraft:cod":4,"minecraft:cobblestone":949,"minecraft:pink_petals":33,"minecraft:magma_block":1,"minecraft:feather":14,"minecraft:cooked_beef":172,"minecraft:magma_cream":1,"minecraft:iron_door":3,"minecraft:water_bucket":13,"minecraft:andesite":16,"minecraft:smoker":2,"minecraft:potato":5,"minecraft:flint":2,"minecraft:tuff":4,"minecraft:lapis_lazuli":129,"minecraft:dirt":5249,"minecraft:disc_fragment_5":1,"minecraft:name_tag":7,"minecraft:twisting_vines":41,"minecraft:bone":133,"minecraft:chipped_anvil":1,"minecraft:stonecutter":2,"minecraft:wheat_seeds":89,"minecraft:orange_tulip":1,"minecraft:raw_gold":155,"minecraft:bell":3,"minecraft:mossy_stone_bricks":25,"minecraft:diamond_helmet":16,"minecraft:stone_hoe":2,"minecraft:oak_planks":102,"minecraft:cooked_porkchop":24,"minecraft:warped_wart_block":1,"minecraft:grass_block":47,"minecraft:shulker_box":37,"minecraft:mossy_cobblestone":1,"minecraft:iron_hoe":2,"minecraft:sugar":1,"minecraft:deepslate":322,"minecraft:diamond":128,"minecraft:lever":1,"minecraft:granite":4,"minecraft:bone_meal":83,"minecraft:golden_apple":1,"minecraft:end_stone_bricks":1,"minecraft:emerald":1366,"minecraft:bread":140,"minecraft:oak_sapling":2,"minecraft:netherrack":362,"minecraft:diamond_pickaxe":18,"minecraft:spruce_leaves":347,"minecraft:crafting_table":2,"minecraft:azure_bluet":2,"minecraft:chicken":4,"minecraft:ominous_bottle":1,"minecraft:ladder":2,"minecraft:diamond_horse_armor":5,"minecraft:purpur_block":6,"minecraft:shield":17,"minecraft:cornflower":11,"minecraft:elytra":5,"minecraft:iron_axe":8,"minecraft:flint_and_steel":5,"minecraft:item_frame":2,"minecraft:compass":8,"minecraft:blackstone":3,"minecraft:cyan_carpet":3,"minecraft:cracked_stone_bricks":11,"minecraft:candle":1,"minecraft:music_disc_otherside":2,"minecraft:beef":57,"minecraft:player_head":1,"minecraft:poppy":10,"minecraft:lectern":168,"minecraft:sugar_cane":252,"minecraft:chest":1,"minecraft:birch_sapling":1,"minecraft:spruce_trapdoor":2,"minecraft:copper_ore":4,"minecraft:diamond_hoe":16,"minecraft:egg":1,"minecraft:raw_iron":138,"minecraft:end_stone":10,"minecraft:stone":1700,"minecraft:copper_ingot":1,"minecraft:bowl":1,"minecraft:spruce_fence":9,"minecraft:carrot":3,"minecraft:redstone":1258,"minecraft:brown_dye":12,"minecraft:arrow":38,"minecraft:diamond_chestplate":23,"minecraft:nether_bricks":2,"minecraft:deepslate_bricks":128,"minecraft:purpur_slab":1,"minecraft:shears":12,"minecraft:diamond_boots":17,"minecraft:hay_block":30,"minecraft:cracked_deepslate_bricks":1,"minecraft:ward_armor_trim_smithing_template":4,"minecraft:saddle":4,"minecraft:glow_berries":13,"minecraft:mutton":46,"minecraft:rail":1,"minecraft:skeleton_skull":7,"minecraft:white_wool":33,"minecraft:oxeye_daisy":5,"minecraft:basalt":2,"minecraft:golden_carrot":89,"minecraft:glow_ink_sac":9,"minecraft:leather":53,"minecraft:yellow_dye":134,"minecraft:birch_planks":119,"minecraft:ancient_debris":12,"minecraft:purpur_stairs":2,"minecraft:oak_log":91,"minecraft:golden_boots":1,"minecraft:yellow_bed":16,"minecraft:gunpowder":34,"minecraft:white_banner":1,"minecraft:cooked_mutton":69,"minecraft:stone_bricks":46,"minecraft:iron_ingot":103,"minecraft:cobweb":10,"minecraft:glass_bottle":6,"minecraft:iron_sword":1,"minecraft:book":455,"minecraft:sculk_catalyst":47,"minecraft:oak_slab":6,"minecraft:warped_fungus":6,"minecraft:sculk":49,"minecraft:stone_brick_slab":1,"minecraft:dandelion":31,"minecraft:dripstone_block":3,"minecraft:gravel":25,"minecraft:amethyst_shard":117,"minecraft:spruce_sapling":594,"minecraft:soul_torch":12,"minecraft:blast_furnace":3,"minecraft:white_bed":18,"minecraft:spruce_log":8253,"minecraft:spruce_door":2,"minecraft:dragon_egg":1,"minecraft:mossy_stone_brick_slab":1,"minecraft:spider_eye":4,"minecraft:diamond_shovel":1,"minecraft:coal_ore":24,"minecraft:sculk_sensor":17,"minecraft:stone_axe":4,"minecraft:diamond_axe":3,"minecraft:cherry_sapling":10,"minecraft:gray_wool":7,"minecraft:warped_roots":3,"minecraft:black_wool":4,"minecraft:warped_nylium":1,"minecraft:coal":462,"minecraft:ender_pearl":79},"minecraft:custom":{"minecraft:interact_with_crafting_table":121,"minecraft:open_barrel":4,"minecraft:open_shulker_box":157,"minecraft:leave_game":13,"minecraft:time_since_death":433668,"minecraft:damage_resisted":3558293,"minecraft:sprint_one_cm":3411328,"minecraft:damage_blocked_by_shield":4054,"minecraft:drop":827,"minecraft:talked_to_villager":494,"minecraft:play_time":1137302,"minecraft:deaths":23,"minecraft:jump":20344,"minecraft:interact_with_brewingstand":2,"minecraft:walk_on_water_one_cm":66579,"minecraft:interact_with_furnace":58,"minecraft:traded_with_villager":2089,"minecraft:interact_with_loom":2,"minecraft:sleep_in_bed":30,"minecraft:open_enderchest":2,"minecraft:damage_dealt":130650,"minecraft:player_kills":3,"minecraft:crouch_one_cm":423619,"minecraft:interact_with_smoker":23,"minecraft:horse_one_cm":204555,"minecraft:interact_with_smithing_table":4,"minecraft:mob_kills":369,"minecraft:interact_with_anvil":53,"minecraft:climb_one_cm":6311,"minecraft:walk_one_cm":2202319,"minecraft:sneak_time":40382,"minecraft:walk_under_water_one_cm":23000,"minecraft:interact_with_blast_furnace":23,"minecraft:total_world_time":1137302,"minecraft:interact_with_grindstone":5,"minecraft:interact_with_stonecutter":27,"minecraft:time_since_rest":74909,"minecraft:damage_taken":26857,"minecraft:swim_one_cm":25175,"minecraft:fly_one_cm":4633689,"minecraft:open_chest":775,"minecraft:aviate_one_cm":1074715,"minecraft:fall_one_cm":713676}},"DataVersion":3955}